RPName,RPEmail,RPPassword,RPPhone,RPIntro,RPIsActive,id
rp1,rp1@gmail.com,rp1,4114364824,no,True,9900
rp2,rp2@gmail.com,rp2,2481481376,no,True,9901
rp3,rp3@gmail.com,rp3,1067047752,no,True,9902
rp4,rp4@gmail.com,rp4,3783883263,no,True,9903
rp5,rp5@gmail.com,rp5,5730315103,no,True,9904
rp6,rp6@gmail.com,rp6,6567779975,no,True,9905
rp7,rp7@gmail.com,rp7,0342816351,no,True,9906
rp8,rp8@gmail.com,rp8,0336344530,no,True,9907
rp9,rp9@gmail.com,rp9,3944210529,no,True,9908
rp10,rp10@gmail.com,rp10,6771395013,no,True,9909
rp11,rp11@gmail.com,rp11,2362669510,no,True,9910
rp12,rp12@gmail.com,rp12,8795455501,no,True,9911
rp13,rp13@gmail.com,rp13,6440874075,no,True,9912
rp14,rp14@gmail.com,rp14,6798832806,no,True,9913
rp15,rp15@gmail.com,rp15,4353192669,no,True,9914
rp16,rp16@gmail.com,rp16,4921434927,no,True,9915
rp17,rp17@gmail.com,rp17,6024822607,no,True,9916
rp18,rp18@gmail.com,rp18,8780614671,no,True,9917
rp19,rp19@gmail.com,rp19,8660490445,no,True,9918
rp20,rp20@gmail.com,rp20,8028035124,no,True,9919
rp21,rp21@gmail.com,rp21,6821878165,no,True,9920
rp22,rp22@gmail.com,rp22,2769547818,no,True,9921
rp23,rp23@gmail.com,rp23,2013995782,no,True,9922
rp24,rp24@gmail.com,rp24,2260154455,no,True,9923
rp25,rp25@gmail.com,rp25,4667755962,no,True,9924
rp26,rp26@gmail.com,rp26,2744697904,no,True,9925
rp27,rp27@gmail.com,rp27,8757272723,no,True,9926
rp28,rp28@gmail.com,rp28,5189952664,no,True,9927
rp29,rp29@gmail.com,rp29,4390751476,no,True,9928
rp30,rp30@gmail.com,rp30,7064782523,no,True,9929
rp31,rp31@gmail.com,rp31,6115278782,no,True,9930
rp32,rp32@gmail.com,rp32,7203654740,no,True,9931
rp33,rp33@gmail.com,rp33,6130956434,no,True,9932
rp34,rp34@gmail.com,rp34,6575415043,no,True,9933
rp35,rp35@gmail.com,rp35,9194045167,no,True,9934
rp36,rp36@gmail.com,rp36,4845270167,no,True,9935
rp37,rp37@gmail.com,rp37,5073252372,no,True,9936
rp38,rp38@gmail.com,rp38,4533909747,no,True,9937
rp39,rp39@gmail.com,rp39,7756613505,no,True,9938
rp40,rp40@gmail.com,rp40,1687523147,no,True,9939
rp41,rp41@gmail.com,rp41,7757817948,no,True,9940
rp42,rp42@gmail.com,rp42,1926126168,no,True,9941
rp43,rp43@gmail.com,rp43,3208911151,no,True,9942
rp44,rp44@gmail.com,rp44,9856616746,no,True,9943
rp45,rp45@gmail.com,rp45,7698927976,no,True,9944
rp46,rp46@gmail.com,rp46,1542401200,no,True,9945
rp47,rp47@gmail.com,rp47,5502679068,no,True,9946
rp48,rp48@gmail.com,rp48,9616002387,no,True,9947
rp49,rp49@gmail.com,rp49,6524929928,no,True,9948
rp50,rp50@gmail.com,rp50,2293303787,no,True,9949
